timestamp,symbol,side,entry_price,exit_price,pnl_usd,exit_reason
2026-06-17 19:04:11,BTW/USDT,SHORT,0.067085,0.066969,9.67,TP1+Trail
2026-06-17 19:30:58,SOL/USDT,LONG,74.32,74.33,0.07,RegimeClose
2026-06-17 21:44:22,ATOM/USDT,SHORT,1.954,1.968,-3.58,FastLoss
2026-06-17 22:49:31,NEAR/USDT,SHORT,2.237,2.255,-4.02,FastLoss
2026-06-17 23:30:21,DOGE/USDT,SHORT,0.08546,0.08573,-1.58,MaxDuration
2026-06-17 23:37:44,SUI/USDT,SHORT,0.7788,0.7791,-0.19,MaxDuration
2026-06-17 23:52:11,BTC/USDT,SHORT,64155.0,64333.55,-1.39,MaxDuration
2026-06-18 01:57:36,ATOM/USDT,SHORT,1.926,1.907,8.82,TP1+Trail
2026-06-18 03:28:33,NEAR/USDT,SHORT,2.199,2.193,1.36,MaxDuration
2026-06-18 03:58:42,VELVET/USDT,SHORT,0.35693,0.34185,13.62,TP
2026-06-18 08:47:54,APT/USDT,SHORT,0.6442,0.6425,1.32,MaxDuration
2026-06-18 09:13:15,BNB/USDT,SHORT,591.5,588.6,2.45,MaxDuration
2026-06-18 09:32:50,OP/USDT,SHORT,0.1042,0.1048,-2.88,MaxDuration
2026-06-18 10:46:54,BTW/USDT,SHORT,0.047279,0.046751,11.36,TP1+Trail
2026-06-18 13:20:42,ATOM/USDT,SHORT,1.805,1.815,-2.77,FastLoss
2026-06-18 14:27:29,ATOM/USDT,SHORT,1.824,1.836,-3.29,MaxDuration
2026-06-18 16:09:46,INJ/USDT,SHORT,5.191,5.267,-7.32,MaxDuration
2026-06-18 16:52:40,SUI/USDT,SHORT,0.7353,0.7395,-2.86,FastLoss
2026-06-18 17:15:06,BTW/USDT,SHORT,0.048911,0.049991,-10.0,SL
2026-06-18 17:50:21,DOGE/USDT,SHORT,0.08387,0.08406,-1.13,MaxDuration
2026-06-18 18:05:21,BTW/USDT,SHORT,0.048934,0.048748,10.06,TP1+Trail
2026-06-18 19:12:31,APT/USDT,SHORT,0.6346,0.6291,8.58,TP1+Trail
2026-06-18 19:25:28,FET/USDT,SHORT,0.194,0.1923,8.64,TP1+Trail
2026-06-18 19:27:03,DOT/USDT,SHORT,0.962,0.953,4.68,MaxDuration
2026-06-19 01:39:55,MAGMA/USDT,SHORT,0.40831,0.41062,-2.83,FastLoss
2026-06-19 06:22:46,NEAR/USDT,SHORT,2.115,2.136,-4.96,FastLoss
2026-06-19 06:24:19,OP/USDT,SHORT,0.1027,0.1035,-3.89,FastLoss
2026-06-19 08:44:00,OP/USDT,SHORT,0.1037,0.1012,12.05,MaxDuration
2026-06-19 11:45:11,AVAX/USDT,SHORT,5.98,6.044,-5.35,MaxDuration
2026-06-19 14:44:02,ONDO/USDT,SHORT,0.3465,0.3482,-2.45,MaxDuration
2026-06-19 15:52:34,INJ/USDT,SHORT,5.02,5.055,-3.49,FastLoss
2026-06-19 18:04:10,AVAX/USDT,SHORT,6.172,6.111,4.94,MaxDuration
2026-06-19 18:05:55,ASTER/USDT,SHORT,0.6281,0.6254,2.15,MaxDuration
2026-06-20 03:00:43,SOL/USDT,LONG,69.72,69.75,0.22,RegimeClose
2026-06-20 03:32:19,SOL/USDT,LONG,69.88,69.82,-0.43,RegimeClose
2026-06-20 17:18:34,ATOM/USDT,SHORT,1.781,1.766,4.21,MaxDuration
2026-06-20 17:29:55,ONDO/USDT,SHORT,0.342,0.3392,4.09,MaxDuration
2026-06-20 17:30:05,INJ/USDT,SHORT,4.961,4.95,1.11,MaxDuration
2026-06-20 17:46:50,SUI/USDT,SHORT,0.7048,0.7171,-8.73,FastLoss
2026-06-20 18:23:02,LINK/USDT,SHORT,7.844,7.974,-8.29,MaxDuration
2026-06-21 00:21:46,MYX/USDT,SHORT,0.1273,0.1222,13.55,TP
2026-06-21 01:17:06,SOL/USDT,LONG,73.01,73.16,1.03,RegimeClose
2026-06-21 04:13:12,MYX/USDT,SHORT,0.1235,0.1234,7.99,TP1+Trail
2026-06-21 13:04:01,SOL/USDT,LONG,74.04,74.01,-0.2,RegimeClose
2026-06-21 13:33:56,SOL/USDT,LONG,74.17,74.1,-0.47,RegimeClose
2026-06-21 18:00:00,MYX/USDT,SHORT,0.1143,0.1125,7.87,MaxDuration
2026-06-21 19:57:20,SOL/USDT,LONG,74.56,74.42,-0.94,RegimeClose
2026-06-21 20:33:43,INJ/USDT,SHORT,4.925,4.932,-0.71,MaxDuration
2026-06-21 21:32:27,INJ/USDT,SHORT,4.901,4.94,-3.98,FastLoss
2026-06-22 01:51:44,ONDO/USDT,SHORT,0.3348,0.3339,1.34,MaxDuration
2026-06-22 01:52:04,FET/USDT,SHORT,0.1826,0.1792,9.31,MaxDuration
2026-06-22 01:52:17,ARB/USDT,SHORT,0.0821,0.0823,-1.22,MaxDuration
2026-06-22 04:04:00,ONDO/USDT,SHORT,0.3306,0.3378,-10.0,SL
2026-06-22 04:13:24,ADA/USDT,SHORT,0.1575,0.1594,-6.03,MaxDuration
2026-06-22 04:18:58,BTC/USDT,SHORT,63353.96,64144.35,-6.24,MaxDuration
2026-06-22 16:35:58,SOL/USDT,LONG,74.62,74.59,-0.2,RegimeClose
2026-06-22 20:54:19,FET/USDT,SHORT,0.1813,0.1826,-3.59,FastLoss
2026-06-23 00:18:11,APT/USDT,SHORT,0.6605,0.6639,-2.57,MaxDuration
2026-06-23 03:11:46,DOT/USDT,SHORT,0.933,0.935,-1.07,MaxDuration
2026-06-23 03:20:33,DOGE/USDT,SHORT,0.08213,0.08233,-1.22,MaxDuration
2026-06-23 03:30:24,ARB/USDT,SHORT,0.0829,0.0826,1.81,MaxDuration
2026-06-23 06:26:14,DOGE/USDT,SHORT,0.08185,0.08198,-0.79,MaxDuration
2026-06-23 06:26:22,NEAR/USDT,SHORT,2.036,2.058,-5.4,MaxDuration
2026-06-23 09:57:24,SUI/USDT,SHORT,0.7053,0.6908,11.18,TP1+Trail
2026-06-23 10:15:08,BTC/USDT,SHORT,63423.46,63050.06,2.94,MaxDuration
2026-06-23 10:22:07,INJ/USDT,SHORT,4.699,4.645,8.94,TP1+Trail
2026-06-23 11:23:30,SKYAI/USDT,SHORT,0.33393,0.32963,10.25,TP1+Trail
2026-06-23 12:49:58,ARB/USDT,SHORT,0.0783,0.0776,4.47,MaxDuration
2026-06-23 12:50:10,LINK/USDT,SHORT,7.563,7.536,1.79,MaxDuration
2026-06-23 12:56:30,ETH/USDT,SHORT,1645.74,1651.05,-1.61,MaxDuration
2026-06-23 23:17:26,ATOM/USDT,SHORT,1.718,1.725,-2.04,MaxDuration
2026-06-24 04:36:55,SOL/USDT,LONG,70.21,70.29,0.57,RegimeClose
2026-06-24 13:30:45,GRAM/USDT,SHORT,1.589,1.597,-2.52,ReversalGuard
2026-06-24 14:31:41,ATOM/USDT,SHORT,1.671,1.651,5.98,MaxDuration
2026-06-24 15:01:34,XRP/USDT,SHORT,1.0871,1.0939,-3.13,MaxDuration
2026-06-24 15:50:47,APT/USDT,SHORT,0.6339,0.6398,-4.65,MaxDuration
2026-06-24 16:33:18,AVAX/USDT,SHORT,6.329,6.362,-2.61,FastLoss
2026-06-24 16:34:42,BTC/USDT,SHORT,61786.29,62124.5,-2.74,FastLoss
2026-06-24 16:34:46,SUI/USDT,SHORT,0.6883,0.6928,-3.27,FastLoss
2026-06-24 18:08:41,BTC/USDT,SHORT,61900.0,60900.91,8.07,MaxDuration
2026-06-24 18:08:50,SUI/USDT,SHORT,0.6906,0.6833,5.29,MaxDuration
2026-06-24 18:08:56,APT/USDT,SHORT,0.6293,0.626,2.62,MaxDuration
2026-06-24 20:19:59,TRX/USDT,SHORT,0.3282,0.32581,3.64,MaxDuration
2026-06-24 20:21:01,SUI/USDT,SHORT,0.674,0.6577,12.09,MaxDuration
2026-06-24 20:23:04,APT/USDT,SHORT,0.6161,0.5899,15.0,TP
2026-06-24 21:52:44,LINK/USDT,SHORT,7.201,7.177,1.67,MaxDuration
2026-06-24 22:13:02,AVAX/USDT,SHORT,6.041,6.082,-3.39,MaxDuration
2026-06-24 22:18:35,TRX/USDT,SHORT,0.32542,0.3257,-0.43,MaxDuration
2026-06-25 05:15:51,MYX/USDT,SHORT,0.091,0.0873,12.91,TP
2026-06-25 08:08:50,H/USDT,SHORT,0.07461,0.0751284,-3.47,FastLoss
2026-06-25 08:12:48,SOL/USDT,LONG,69.0,68.96,-0.29,RegimeClose
2026-06-25 09:45:11,SOL/USDT,LONG,69.38,69.4,0.14,RegimeClose
2026-06-25 10:50:36,SKYAI/USDT,SHORT,0.28258,0.285,-4.28,FastLoss
2026-06-25 13:36:02,MYX/USDT,SHORT,0.0902,0.0895,8.87,TP1+Trail
2026-06-25 15:11:44,ATOM/USDT,SHORT,1.63,1.626,1.23,MaxDuration
2026-06-25 15:18:36,RENDER/USDT,SHORT,1.538,1.545,-2.28,MaxDuration
2026-06-25 16:21:44,BNB/USDT,SHORT,562.1,565.2,-2.76,MaxDuration
2026-06-25 16:54:46,FET/USDT,SHORT,0.1723,0.1629,23.58,TP
2026-06-25 17:10:15,ETH/USDT,SHORT,1568.16,1567.11,7.9,TP1+Trail
2026-06-25 17:31:02,TRX/USDT,SHORT,0.32694,0.32297,6.07,MaxDuration
2026-06-25 15:25:38,BTC/USDT,SHORT,59228.46,59330.03,-0.86,MaxDuration
2026-06-29 14:27:58,BNB/USDT,SHORT,547.5,550.0,-2.28,FastLoss
2026-07-01 11:22:17,GWEI/USDT,SHORT,0.122193,0.122592,-1.63,ReversalGuard
2026-07-05 07:47:35,SUI/USDT,SHORT,0.7435,0.7444,-0.61,Stagnation
2026-07-05 07:47:37,SOL/USDT,SHORT,80.77,80.58,1.18,MaxDuration
2026-07-13 04:46:47,LINK/USDT,SHORT,7.929,7.92,0.57,MaxDuration
2026-07-13 04:51:52,ETH/USDT,SHORT,1790.21,1782.03,2.28,MaxDuration
2026-07-13 05:02:01,ONDO/USDT,SHORT,0.3167,0.3162,0.79,MaxDuration
2026-07-19 17:27:06,XRP/USDT,LONG,1.0997,1.095,-2.14,MaxDuration
2026-07-19 17:27:08,SOL/USDT,LONG,76.54,76.11,-2.81,MaxDuration
2026-07-19 19:01:47,RUVXY/USDT,LONG,25.411,25.42,0.18,MaxDuration
2026-07-19 19:01:49,RDUOL/USDT,LONG,133.52,133.52,0.0,MaxDuration
2026-07-27 08:01:05,UNI/USDT,LONG,3.885,3.901,2.06,MaxDuration
2026-07-27 08:40:46,BTC/USDT,LONG,65580.0,65166.44,-3.15,MaxDuration
2026-07-27 18:20:45,SOL/USDT,LONG,77.38,75.58,-11.63,MaxDuration
2026-07-30 13:30:56,RHIMS/USDT,SHORT,25.45,24.42,10.66,TP
2026-07-30 13:56:20,SOL/USDT,LONG,74.27,74.74,3.16,MaxDuration
2026-08-04 20:34:01,SOL/USDT,LONG,74.29,74.13,-1.08,MaxDuration
2026-08-21 13:20:44,FET/USDT,LONG,0.1571,0.1579,6.25,TP1+Trail
2026-08-21 19:07:49,CRV/USDT,LONG,0.3225,0.3213,-2.46,FastLoss
2026-08-21 22:28:54,AAVE/USDT,LONG,121.14,120.24,-4.31,FastLoss
2026-08-21 23:51:26,CRV/USDT,LONG,0.3389,0.343,7.55,TP1+Trail
2026-08-22 00:48:31,SHIB/USDT,LONG,6.014e-06,5.955e-06,-5.51,FastLoss
2026-08-22 03:56:54,ENA/USDT,LONG,0.15318,0.15983,11.24,TP
2026-08-22 05:06:58,ENA/USDT,LONG,0.15992,0.15845,-5.2,FastLoss
2026-08-22 05:22:00,POL/USDT,LONG,0.10472,0.10305,-8.57,FastLoss
2026-08-22 05:22:03,BCH/USDT,LONG,282.1,280.2,-3.97,FastLoss
2026-08-22 06:52:27,XRP/USDT,LONG,1.5415,1.5654,7.35,TP1+Trail
2026-08-22 06:56:34,ZAMA/USDT,LONG,0.058495,0.05826,-2.61,FastLoss
2026-08-22 07:13:53,XRP/USDT,LONG,1.5645,1.5758,7.66,TP1+Trail
2026-08-22 07:28:06,ZEC/USDT,LONG,790.02,822.04,12.19,TP
2026-08-22 09:23:17,TUT/USDT,LONG,0.039829,0.03964,-2.97,FastLoss
2026-08-22 09:39:27,ZRO/USDT,LONG,1.023,1.015,-4.51,FastLoss
2026-08-22 10:16:30,RUEC/USDT,LONG,12.75,12.66,-4.13,FastLoss
2026-08-22 10:18:34,POL/USDT,LONG,0.10463,0.10422,-2.56,FastLoss
2026-08-22 12:18:36,LIT/USDT,LONG,3.241,3.226,-2.91,FastLoss
2026-09-06 17:49:26,FET/USDT,LONG,0.1699,0.17,-0.31,MaxDuration
2026-09-07 05:46:58,AVAX/USDT:USDT,LONG,7.96,7.921,-3.05,FastLoss
2026-09-07 07:26:26,WLD/USDT:USDT,LONG,0.4249,0.4419,10.58,TP
2026-09-07 12:38:22,ZHIPU/USDT:USDT,SHORT,130.54,130.5,-0.45,MaxDuration
2026-09-08 21:44:27,MSTU/USDT:USDT,SHORT,33.3941,33.5541,-3.0,MaxDuration
2026-09-09 07:40:57,ETH/USDT:USDT,LONG,2508.05,2511.12,0.01,MaxDuration
2026-09-09 08:44:56,LIT/USDT:USDT,LONG,5.132,5.22,7.92,TP1+Trail
2026-09-09 09:07:23,SOL/USDT:USDT,LONG,104.908,104.644,-1.86,MaxDuration
2026-09-09 09:42:01,ADA/USDT:USDT,LONG,0.2222,0.2186,-8.7,ReversalGuard
2026-09-20 11:57:44,NEAR/USDT:USDT,LONG,3.6346,3.6181,-2.87,FastLoss
2026-09-22 09:10:14,FET/USDT:USDT,LONG,0.2085,0.2081,4.79,TP1+Trail
